Plate Name	Payment Method	Plate Barcode	Sales Order #	Reference #	Well Position	Sequence Name	Sequence	Manufacturing ID	Measured Molecular Weight	Calculated Molecular Weight	OD260	nmoles	µg	Measured Concentration µM 	Final Volume µL 	Extinction Coefficient L/(mole·cm)	Tm	Well Barcode
Sheet1	CRED./ DF: 17/07/24/ PP. 50040/ VALOR: R$ 60.479,5	19046867	20466258	488773713	A01	G10668_FW_12-P0_L01_400	TTC ACA CAG TCA CTT TTG GTT ACA	654399893	7277.8	7278	4.01	17.73	129	0	0	225900.0	55	
Sheet1	CRED./ DF: 17/07/24/ PP. 50040/ VALOR: R$ 60.479,5	19046867	20466258	488773714	A02	G10668_FW_67-P0_L09_400	GCA GAT GCC TAT GGS GAT TCT ATG	654399894	0.0	7404	5.91	25.55	189	0	0	231350.0	58	
Sheet1	CRED./ DF: 17/07/24/ PP. 50040/ VALOR: R$ 60.479,5	19046867	20466258	488773715	A03	G10819_FW_68-P0_L07_600	AGG GAA CAA TTA TTT GCY AGA CA	654399895	0.0	7088	6.61	27.85	197	0	0	237350.0	54	
Sheet1	CRED./ DF: 17/07/24/ PP. 50040/ VALOR: R$ 60.479,5	19046867	20466258	488773716	A04	G10668_FW_60-P1_L08_400	CGG TTR GTA TGG GCC TGT GT	654399896	0.0	6203	5.54	29.66	184	0	0	186850.0	58	
Sheet1	CRED./ DF: 17/07/24/ PP. 50040/ VALOR: R$ 60.479,5	19046867	20466258	488773717	A05	G10819_FW_50-P1_L06_600	CGY CGT AAA CGT ATT CCC TAT T	654399897	0.0	6653	6.34	30.87	205	0	0	205450.0	54	
Sheet1	CRED./ DF: 17/07/24/ PP. 50040/ VALOR: R$ 60.479,5	19046867	20466258	488773718	A06	G3670_FW_49-P0_L07_400	TGC ATG TGG GTG GTC AGG TAA T	654399898	6862.4	6861	6.88	31.75	218	0	0	216600.0	59	
Sheet1	CRED./ DF: 17/07/24/ PP. 50040/ VALOR: R$ 60.479,5	19046867	20466258	488773719	A07	G3831_FW_00-P0_L01_600	TTG RAC TGT GTG TAY TGC AAA CG	654399899	0.0	7094	6.62	29.85	212	0	0	221700.0	56	
Sheet1	CRED./ DF: 17/07/24/ PP. 50040/ VALOR: R$ 60.479,5	19046867	20466258	488773720	A08	G3831_FW_69-P0_L09_600	CCT MCT GCA CGC TTA GGR TTA T	654399900	0.0	6681	5.98	29.77	199	0	0	200850.0	57	
Sheet1	CRED./ DF: 17/07/24/ PP. 50040/ VALOR: R$ 60.479,5	19046867	20466258	488773721	A09	G3670_FW_40-P1_L06_400	CAA ACG TTT AAG TGC GTG TCA GGA	654399901	7417.7	7417	9.34	38.88	288	0	0	240100.0	58	
Sheet1	CRED./ DF: 17/07/24/ PP. 50040/ VALOR: R$ 60.479,5	19046867	20466258	488773722	A10	G3670_FW_96-P1_L14_400	GCT GCT GAG CCM TAT GGY GAT	654399902	0.0	6458	5.65	28.82	186	0	0	195950.0	60	
Sheet1	CRED./ DF: 17/07/24/ PP. 50040/ VALOR: R$ 60.479,5	19046867	20466258	488773723	A11	G3831_FW_57-P1_L08_600	TGT AAA GCA GCA GGT ACK TGT CC	654399903	0.0	7076	4.57	20.33	144	0	0	224900.0	58	
Sheet1	CRED./ DF: 17/07/24/ PP. 50040/ VALOR: R$ 60.479,5	19046867	20466258	488773724	B01	G10668_RW_23-P0_R01_400	TCA CAT GTG TCT CTT AAT GTC CAC	654399904	7254.2	7254	5.66	25.67	186	0	0	220500.0	55	
Sheet1	CRED./ DF: 17/07/24/ PP. 50040/ VALOR: R$ 60.479,5	19046867	20466258	488773725	B02	G10668_RW_78-P0_R09_400	TTT KCT RCC CAG TGG AAA TTG ATC	654399905	0.0	7338	5.41	23.96	176	0	0	225950.0	56	
Sheet1	CRED./ DF: 17/07/24/ PP. 50040/ VALOR: R$ 60.479,5	19046867	20466258	488773726	B03	G10819_RW_79-P0_L07_600	ATG CAA CCA CRC GTA AAA GTA ACA	654399906	0.0	7340	6.21	24.84	182	0	0	249950.0	57	
Sheet1	CRED./ DF: 17/07/24/ PP. 50040/ VALOR: R$ 60.479,5	19046867	20466258	488773727	B04	G10668_RW_73-P1_L08_400	CTC AGA GGT TAY CAT AGA CCC ACT	654399907	0.0	7289	7.49	32.34	236	0	0	231550.0	56	
Sheet1	CRED./ DF: 17/07/24/ PP. 50040/ VALOR: R$ 60.479,5	19046867	20466258	488773728	B05	G10819_RW_73-P1_R06_600	CTC AGA GGT TAY CAT AGA CCC ACT	654399908	0.0	7289	6.54	28.25	206	0	0	231550.0	56	
Sheet1	CRED./ DF: 17/07/24/ PP. 50040/ VALOR: R$ 60.479,5	19046867	20466258	488773729	B06	G3670_RW_57-P0_R07_400	CAA GCG AAC GTA CAA MCA RAC ACA	654399909	0.0	7322	7.1	28.59	209	0	0	248450.0	58	
Sheet1	CRED./ DF: 17/07/24/ PP. 50040/ VALOR: R$ 60.479,5	19046867	20466258	488773730	B07	G3831_RW_12-P0_R01_600	TGT CTC TGS TTC TGC CTG TAT GTT	654399910	0.0	7303	7.15	34.51	252	0	0	207250.0	58	
Sheet1	CRED./ DF: 17/07/24/ PP. 50040/ VALOR: R$ 60.479,5	19046867	20466258	488773731	B08	G3831_RW_81-P0_R09_600	CCT GTA TTG CAA ACC TGA MAC CTT	654399911	0.0	7260	8.3	37.52	272	0	0	221100.0	57	
Sheet1	CRED./ DF: 17/07/24/ PP. 50040/ VALOR: R$ 60.479,5	19046867	20466258	488773732	B09	G3670_RW_53-P1_R06_400	GTC CGG GKC ACC CKG TCT T	654399912	0.0	5772	6.52	39.05	225	0	0	166900.0	62	
Sheet1	CRED./ DF: 17/07/24/ PP. 50040/ VALOR: R$ 60.479,5	19046867	20466258	488773733	B10	G3670_RW_107-P1_R14_400	TCT ACC CAA RGG AAA CTG ATC TAA	654399913	0.0	7322	6.13	25.52	187	0	0	240150.0	54	
Sheet1	CRED./ DF: 17/07/24/ PP. 50040/ VALOR: R$ 60.479,5	19046867	20466258	488773734	B11	G3831_RW_75-P1_R08_600	CCT AGC ACC TAT ASG TTT GCC ACT	654399914	0.0	7244	7.43	34.09	247	0	0	217950.0	58	
Sheet1	CRED./ DF: 17/07/24/ PP. 50040/ VALOR: R$ 60.479,5	19046867	20466258	488773735	C01	G10668_FW_23-P0_L03_400	TGT CCT GAC TCT GTG TCT AGT ACC	654399915	7286.2	7286	5.16	23.85	174	0	0	216300.0	57	
Sheet1	CRED./ DF: 17/07/24/ PP. 50040/ VALOR: R$ 60.479,5	19046867	20466258	488773736	C02	G10819_FW_12-P0_L01_600	TTC ACA CAG TCA CTT TTG GTT ACA	654399916	7278.4	7278	6.24	27.61	201	0	0	225900.0	55	
Sheet1	CRED./ DF: 17/07/24/ PP. 50040/ VALOR: R$ 60.479,5	19046867	20466258	488773737	C03	G10668_FW_17-P1_L02_400	CAG GTG GTG CCA TST TTA CAA GT	654399917	0.0	7075	6.67	30.22	214	0	0	220750.0	58	
Sheet1	CRED./ DF: 17/07/24/ PP. 50040/ VALOR: R$ 60.479,5	19046867	20466258	488773738	C04	G10668_FW_73-P1_L10_400	GYR CAG CTA TAA CAT GTC AAA AGG	654399918	0.0	7394	7.02	28.53	211	0	0	246000.0	54	
Sheet1	CRED./ DF: 17/07/24/ PP. 50040/ VALOR: R$ 60.479,5	19046867	20466258	488773739	C05	G3670_FW_00-P0_L01_400	TTG RAC TGT GTG TAY TGC AAA CG	654399919	0.0	7094	6.23	28.1	199	0	0	221700.0	56	
Sheet1	CRED./ DF: 17/07/24/ PP. 50040/ VALOR: R$ 60.479,5	19046867	20466258	488773740	C06	G3670_FW_57-P0_L09_400	TGT AAA GCA GCA GGT ACK TGT CC	654399920	0.0	7076	6.01	26.73	189	0	0	224900.0	58	
Sheet1	CRED./ DF: 17/07/24/ PP. 50040/ VALOR: R$ 60.479,5	19046867	20466258	488773741	C07	G3831_FW_22-P0_L03_600	GCG GAT ATG GCA ATA CTG AAG TGG	654399921	7482.2	7482	5.91	24.21	181	0	0	244000.0	58	
Sheet1	CRED./ DF: 17/07/24/ PP. 50040/ VALOR: R$ 60.479,5	19046867	20466258	488773742	C08	G3831_FW_96-P0_L11_600	GCT GCT GAG CCM TAT GGY GAT	654399922	0.0	6458	5.19	26.49	171	0	0	195950.0	60	
Sheet1	CRED./ DF: 17/07/24/ PP. 50040/ VALOR: R$ 60.479,5	19046867	20466258	488773743	C09	G3670_FW_52-P1_L08_400	TGT RTC ATC WAC ATG GCA TTG GAC	654399923	0.0	7355	8.38	36.3	267	0	0	231000.0	56	
Sheet1	CRED./ DF: 17/07/24/ PP. 50040/ VALOR: R$ 60.479,5	19046867	20466258	488773744	C10	G3831_FW_12-P1_L02_600	ASG GGG TGT ACK GGA TGG TTT	654399924	0.0	6581	5.96	28.77	189	0	0	207250.0	60	
Sheet1	CRED./ DF: 17/07/24/ PP. 50040/ VALOR: R$ 60.479,5	19046867	20466258	488773745	C11	G3831_FW_78-P1_L10_600	CCT GTG TCW GTG TCT AAR GTT GT	654399925	0.0	7064	6.59	30.85	218	0	0	213600.0	56	
Sheet1	CRED./ DF: 17/07/24/ PP. 50040/ VALOR: R$ 60.479,5	19046867	20466258	488773746	D01	G10668_RW_33-P0_R03_400	TGW GTT GCA GAT GCS CGT TT	654399926	0.0	6155	5.11	27.63	170	0	0	184800.0	58	
Sheet1	CRED./ DF: 17/07/24/ PP. 50040/ VALOR: R$ 60.479,5	19046867	20466258	488773747	D02	G10819_RW_26-P0_R01_600	TYC CAT ATG CAC TTC CCA TKT GC	654399927	0.0	6906	4.89	24.07	166	0	0	203250.0	58	
Sheet1	CRED./ DF: 17/07/24/ PP. 50040/ VALOR: R$ 60.479,5	19046867	20466258	488773748	D03	G10668_RW_30-P1_R02_400	TBT GCG TRG GAC TCT CTG G	654399928	0.0	5837	5.28	30.77	180	0	0	171714.12	57	
Sheet1	CRED./ DF: 17/07/24/ PP. 50040/ VALOR: R$ 60.479,5	19046867	20466258	488773749	D04	G10668_RW_79-P1_L10_400	ATG CAA CCA CRC GTA AAA GTA ACA	654399929	0.0	7340	6.84	27.37	201	0	0	249950.0	57	
Sheet1	CRED./ DF: 17/07/24/ PP. 50040/ VALOR: R$ 60.479,5	19046867	20466258	488773750	D05	G3670_RW_11-P0_R01_400	ATC CTC TGA WAT TGK ATC CCC TGT	654399930	0.0	7262	6.57	29.84	217	0	0	220050.0	56	
Sheet1	CRED./ DF: 17/07/24/ PP. 50040/ VALOR: R$ 60.479,5	19046867	20466258	488773751	D06	G3670_RW_71-P0_R09_400	CCC TGG AAT GGG CGT GCT A	654399931	5845.3	5845	5.47	30.81	180	0	0	177700.0	60	
Sheet1	CRED./ DF: 17/07/24/ PP. 50040/ VALOR: R$ 60.479,5	19046867	20466258	488773752	D07	G3831_RW_32-P0_R03_600	RTC TCT CCA GTC ACC WCC ATC A	654399932	0.0	6563	5.89	29.46	193	0	0	200050.0	58	
Sheet1	CRED./ DF: 17/07/24/ PP. 50040/ VALOR: R$ 60.479,5	19046867	20466258	488773753	D08	G3831_RW_107-P0_R11_600	TCT ACC CAA RGG AAA CTG ATC TAA	654399933	0.0	7322	6.99	29.11	213	0	0	240150.0	54	
Sheet1	CRED./ DF: 17/07/24/ PP. 50040/ VALOR: R$ 60.479,5	19046867	20466258	488773754	D09	G3670_RW_63-P1_R08_400	CCW GTW CCA GAC CCA GTA CCA AT	654993688	0.0	6938	5.75	26.23	182	0	0	219200.0	58	
Sheet1	CRED./ DF: 17/07/24/ PP. 50040/ VALOR: R$ 60.479,5	19046867	20466258	488773755	D10	G3831_RW_24-P1_R02_600	CAA ACG CWG CAA CAC ACC AAT C	654399935	0.0	6631	7.14	33.48	222	0	0	213250.0	58	
Sheet1	CRED./ DF: 17/07/24/ PP. 50040/ VALOR: R$ 60.479,5	19046867	20466258	488773756	D11	G3831_RW_101-P1_R10_600	AAC CAT GGA GCC ACT AGG WGT AG	654399936	0.0	7102	6.66	28.43	202	0	0	234250.0	58	
Sheet1	CRED./ DF: 17/07/24/ PP. 50040/ VALOR: R$ 60.479,5	19046867	20466258	488773757	E01	G10668_FW_35-P0_L05_400	CWC GRC CAC CTA TTG TTG TTG AA	654399937	0.0	7002	5.02	23.33	163	0	0	215100.0	57	
Sheet1	CRED./ DF: 17/07/24/ PP. 50040/ VALOR: R$ 60.479,5	19046867	20466258	488773758	E02	G10819_FW_27-P0_L03_600	WGT GGT GAT AAG ACT ACR CCT GTA	654993689	0.0	7404	6.77	28.04	208	0	0	241550.0	56	
Sheet1	CRED./ DF: 17/07/24/ PP. 50040/ VALOR: R$ 60.479,5	19046867	20466258	488773759	E03	G10668_FW_28-P1_L04_400	TGC TTT GCT TTT GTG TGT GYY TGT	654399939	0.0	7369	5.59	27.12	200	0	0	206000.0	59	
Sheet1	CRED./ DF: 17/07/24/ PP. 50040/ VALOR: R$ 60.479,5	19046867	20466258	488773760	E04	G10819_FW_21-P1_L02_600	TGT GGC ATA CAG ARC CMA AAC A	654399940	0.0	6741	5.3	23.71	160	0	0	223750.0	57	
Sheet1	CRED./ DF: 17/07/24/ PP. 50040/ VALOR: R$ 60.479,5	19046867	20466258	488773761	E05	G3670_FW_15-P0_L03_400	ASC AGA GAC AGC ACA GGC ATT	654399941	0.0	6453	7.39	34.54	223	0	0	213950.0	59	
Sheet1	CRED./ DF: 17/07/24/ PP. 50040/ VALOR: R$ 60.479,5	19046867	20466258	488773762	E06	G3670_FW_71-P0_L11_400	MAT AWT GCT CCT GAT CCT GAC TTT	654399942	0.0	7261	6.96	31.9	232	0	0	218250.0	54	
Sheet1	CRED./ DF: 17/07/24/ PP. 50040/ VALOR: R$ 60.479,5	19046867	20466258	488773763	E07	G3831_FW_40-P0_L05_600	CAA ACG TTT AAG TGC GTG TCA GGA	654399943	7417.7	7417	5.56	23.15	172	0	0	240100.0	58	
Sheet1	CRED./ DF: 17/07/24/ PP. 50040/ VALOR: R$ 60.479,5	19046867	20466258	488773764	E08	G3670_FW_8-P1_L02_400	GGG CKC ACT AGG AAT YGT GTG	654399944	0.0	6522	5.3	25.89	169	0	0	204550.0	58	
Sheet1	CRED./ DF: 17/07/24/ PP. 50040/ VALOR: R$ 60.479,5	19046867	20466258	488773765	E09	G3670_FW_67-P1_L10_400	GCA ACC TCC TMC ACC TTC AGA	654399945	0.0	6283	6.36	33.19	209	0	0	191600.0	58	
Sheet1	CRED./ DF: 17/07/24/ PP. 50040/ VALOR: R$ 60.479,5	19046867	20466258	488773766	E10	G3831_FW_30-P1_L04_600	GGT ACA ATG GGC ATA TGA CAA TGA	654399946	7450.6	7450	7.26	28.98	216	0	0	250700.0	55	
Sheet1	CRED./ DF: 17/07/24/ PP. 50040/ VALOR: R$ 60.479,5	19046867	20466258	488773767	F01	G10668_RW_53-P0_R05_400	ACA CGA GCA CCT ATT TGT TTG CC	654399947	6975.0	6975	5.11	24.09	168	0	0	212300.0	58	
Sheet1	CRED./ DF: 17/07/24/ PP. 50040/ VALOR: R$ 60.479,5	19046867	20466258	488773768	F02	G10819_RW_37-P0_R03_600	TAG GCC TAG YAC CCA AAG GAA	654399948	0.0	6441	5.32	24.95	161	0	0	213450.0	57	
Sheet1	CRED./ DF: 17/07/24/ PP. 50040/ VALOR: R$ 60.479,5	19046867	20466258	488773769	F03	G10668_RW_41-P1_R04_400	CCW GCA GTR CCT GTA AAA TTA GG	654399949	0.0	7060	6.13	27.08	191	0	0	226200.0	55	
Sheet1	CRED./ DF: 17/07/24/ PP. 50040/ VALOR: R$ 60.479,5	19046867	20466258	488773770	F04	G10819_RW_31-P1_R02_600	ACA RRC ACA CAC AAA AGC AAA GC	654399950	0.0	7022	6.63	27.54	193	0	0	240900.0	57	
Sheet1	CRED./ DF: 17/07/24/ PP. 50040/ VALOR: R$ 60.479,5	19046867	20466258	488773771	F05	G3670_RW_29-P0_R03_400	TGG TGT TTC TCC AWC TAC TTC ACT	654399951	0.0	7240	7.01	33.07	239	0	0	211850.0	56	
Sheet1	CRED./ DF: 17/07/24/ PP. 50040/ VALOR: R$ 60.479,5	19046867	20466258	488773772	F06	G3670_RW_81-P0_R11_400	CCT GTA TTG CAA ACC TGA MAC CTT	654399952	0.0	7260	7.07	31.96	232	0	0	221100.0	57	
Sheet1	CRED./ DF: 17/07/24/ PP. 50040/ VALOR: R$ 60.479,5	19046867	20466258	488773773	F07	G3831_RW_54-P0_R05_600	GTT TGT GCA KGM AGC TGT AGT G	654399953	0.0	6837	5.21	24.59	168	0	0	212100.0	57	
Sheet1	CRED./ DF: 17/07/24/ PP. 50040/ VALOR: R$ 60.479,5	19046867	20466258	488773774	F08	G3670_RW_22-P1_R02_400	GMG TTT CCA CTT CAG TAT TGC CA	654399954	0.0	6978	6.27	29.37	205	0	0	213400.0	57	
Sheet1	CRED./ DF: 17/07/24/ PP. 50040/ VALOR: R$ 60.479,5	19046867	20466258	488773775	F09	G3670_RW_75-P1_R10_400	CCT AGC ACC TAT ASG TTT GCC ACT	654993690	0.0	7244	4.96	22.74	165	0	0	217950.0	58	
Sheet1	CRED./ DF: 17/07/24/ PP. 50040/ VALOR: R$ 60.479,5	19046867	20466258	488773776	F10	G3831_RW_44-P1_R04_600	GGT GGT TAA YAG TTT GCA GTC CCA	654399956	0.0	7391	7.06	30.32	224	0	0	232950.0	58	
Sheet1	CRED./ DF: 17/07/24/ PP. 50040/ VALOR: R$ 60.479,5	19046867	20466258	488773777	G01	G10668_FW_50-P0_L07_400	CGY CGT AAA CGT ATT CCC TAT T	654399957	0.0	6653	5.85	28.5	190	0	0	205450.0	54	
Sheet1	CRED./ DF: 17/07/24/ PP. 50040/ VALOR: R$ 60.479,5	19046867	20466258	488773778	G02	G10819_FW_43-P0_L05_600	GGT GTG GCW CCT GAT CCT GAT TT	654399958	0.0	7057	6.38	30.47	215	0	0	209350.0	59	
Sheet1	CRED./ DF: 17/07/24/ PP. 50040/ VALOR: R$ 60.479,5	19046867	20466258	488773779	G03	G10668_FW_43-P1_L06_400	GGT GTG GCW CCT GAT CCT GAT TT	654399959	0.0	7057	6.06	28.93	204	0	0	209350.0	59	
Sheet1	CRED./ DF: 17/07/24/ PP. 50040/ VALOR: R$ 60.479,5	19046867	20466258	488773780	G04	G10819_FW_30-P1_L04_600	CGY AAA CGS GCA TCT GCA AC	654399960	0.0	6084	5.5	29.09	177	0	0	189000.0	59	
Sheet1	CRED./ DF: 17/07/24/ PP. 50040/ VALOR: R$ 60.479,5	19046867	20466258	488773781	G05	G3670_FW_34-P0_L05_400	GGA CCA CCA AAT ACA GGW AAA TCA	654399961	0.0	7352	7.18	28.57	210	0	0	251450.0	55	
Sheet1	CRED./ DF: 17/07/24/ PP. 50040/ VALOR: R$ 60.479,5	19046867	20466258	488773782	G06	G3670_FW_85-P0_L13_400	AGC GCT TAG TWT GGG CCT GT	654399962	0.0	6160	5.91	31.79	196	0	0	186050.0	59	
Sheet1	CRED./ DF: 17/07/24/ PP. 50040/ VALOR: R$ 60.479,5	19046867	20466258	488773783	G07	G3831_FW_52-P0_L07_600	TGT RTC ATC WAC ATG GCA TTG GAC	654399963	0.0	7355	6.2	26.85	197	0	0	231000.0	56	
Sheet1	CRED./ DF: 17/07/24/ PP. 50040/ VALOR: R$ 60.479,5	19046867	20466258	488773784	G08	G3670_FW_24-P1_L04_400	GAT TGG TGT GTT GCW GCG TTT G	654399964	0.0	6839	6.1	29.86	204	0	0	204150.0	58	
Sheet1	CRED./ DF: 17/07/24/ PP. 50040/ VALOR: R$ 60.479,5	19046867	20466258	488773785	G09	G3670_FW_78-P1_L12_400	CCT GTG TCW GTG TCT AAR GTT GT	654399965	0.0	7064	10.47	49.0	346	0	0	213600.0	56	
Sheet1	CRED./ DF: 17/07/24/ PP. 50040/ VALOR: R$ 60.479,5	19046867	20466258	488773786	G10	G3831_FW_49-P1_L06_600	TGC ATG TGG GTG GTC AGG TAA T	654399966	6862.4	6861	6.94	32.05	220	0	0	216600.0	59	
Sheet1	CRED./ DF: 17/07/24/ PP. 50040/ VALOR: R$ 60.479,5	19046867	20466258	488773787	H01	G10668_RW_65-P0_R07_400	ACW AGT TCC AAA GGW GGA CAG TC	654399967	0.0	7082	6.22	26.61	188	0	0	233800.0	57	
Sheet1	CRED./ DF: 17/07/24/ PP. 50040/ VALOR: R$ 60.479,5	19046867	20466258	488773788	H02	G10819_RW_60-P0_R05_600	WCG WGA GCT GCC TGC ATG ATA A	654399968	0.0	6759	5.79	26.99	182	0	0	214650.0	59	
Sheet1	CRED./ DF: 17/07/24/ PP. 50040/ VALOR: R$ 60.479,5	19046867	20466258	488773789	H03	G10668_RW_60-P1_L06_400	WCG WGA GCT GCC TGC ATG ATA A	654399969	0.0	6759	5.47	25.47	172	0	0	214650.0	59	
Sheet1	CRED./ DF: 17/07/24/ PP. 50040/ VALOR: R$ 60.479,5	19046867	20466258	488773790	H04	G10819_RW_53-P1_R04_600	ACA CGA GCA CCT ATT TGT TTG CC	654399970	6975.4	6975	6.22	29.29	204	0	0	212300.0	58	
Sheet1	CRED./ DF: 17/07/24/ PP. 50040/ VALOR: R$ 60.479,5	19046867	20466258	488773791	H05	G3670_RW_44-P0_R05_400	GGT GGT TAA YAG TTT GCA GTC CCA	654399971	0.0	7391	6.08	26.1	193	0	0	232950.0	58	
Sheet1	CRED./ DF: 17/07/24/ PP. 50040/ VALOR: R$ 60.479,5	19046867	20466258	488773792	H06	G3670_RW_101-P0_R13_400	AAC CAT GGA GCC ACT AGG WGT AG	654399972	0.0	7102	7.29	31.1	221	0	0	234250.0	58	
Sheet1	CRED./ DF: 17/07/24/ PP. 50040/ VALOR: R$ 60.479,5	19046867	20466258	488773793	H07	G3831_RW_63-P0_R07_600	CCW GTW CCA GAC CCA GTA CCA AT	654399973	0.0	6938	7.72	35.21	244	0	0	219200.0	58	
Sheet1	CRED./ DF: 17/07/24/ PP. 50040/ VALOR: R$ 60.479,5	19046867	20466258	488773794	H08	G3670_RW_34-P1_R04_400	TTG CAT CAG CYA ATG GTT GTA ACC	654399974	0.0	7335	7.85	34.41	252	0	0	228050.0	57	
Sheet1	CRED./ DF: 17/07/24/ PP. 50040/ VALOR: R$ 60.479,5	19046867	20466258	488773795	H09	G3670_RW_92-P1_R12_400	GGW GTG CCT TTA CCC CAA TGT TC	656140569	0.0	6986	6.17	29.62	207	0	0	208450.0	58	
Sheet1	CRED./ DF: 17/07/24/ PP. 50040/ VALOR: R$ 60.479,5	19046867	20466258	488773796	H10	G3831_RW_57-P1_R06_600	CAA GCG AAC GTA CAA MCA RAC ACA	654399976	0.0	7322	6.29	25.3	185	0	0	248450.0	58	
